Actual,Predicted
264.5865,264.76323449600477
17.3656,18.237844165936917
8.3538,12.300607542543446
31.6,89.68016894919124
74.574,25.477142029431366
25.0938,30.144335184987014
-3.0366,-3.288671791515209
25.48,22.879958175804337
4.6552,4.137697416175886
2.2155,12.137983713456668
7.3359,8.551027945834923
37.884,36.52175532049779
13.878,12.526710649220492
21.252,15.235230734308578
0.9774,0.935300116297824
26.598,28.360902045366156
13.941,13.53771985510238
9.3312,9.310462024113981
-10.7964,-11.329963272319366
21.7845,20.931852617434647
6.2608,5.5293321675575235
4.6782,9.680906572896326
113.848,138.55398195172216
14.098,4.7193262516006325
-14.7931,19.127465466626393
-34.0704,7.983179115622088
25.47,18.061205209219008
3.8775,4.762228162485554
467.9922,348.23579225166185
-8.3524,-0.2753059202092041
21.2724,32.29157115557412
-3.5622,14.836310252967019
82.2906,82.32598545050058
1.6356,1.7967065946415142
-15.2225,-32.63480811035698
28.6578,25.112380932605806
7.7,5.692181764157105
4.2717,3.7294675563564605
7.5528,0.6117444802393132
2.8478,2.3180247155083875
35.3626,35.71342315186579
0.0,6.5054325652336775
-2.61,-2.436958413897723
-13.993,-12.338128740727218
68.364,61.71818336324417
9.5968,10.393008077988275
2.528,2.9043078046323108
-0.9012,4.526303449816621
-107.958,-16.144147607527252
11.8272,8.955692098074294
0.0,4.441556558842198
18.144,13.953828599579222
32.4862,49.82066467596333
30.7872,21.06279075495555
6.8714,5.603195638528707
1.6324,5.879465272943992
5.256,9.680906572896326
0.4116,1.3106200960921848
12.5328,11.020902606832506
91.9508,93.28110321918379
43.45,29.927555381452798
23.6808,20.093005683608602
6.168,11.165981497398896
15.196,12.760474615072368
11.1132,9.368611629692646
269.308,286.9618748113505
4.8804,3.833526990134039
9.3906,9.310462024113981
9.6192,9.310462024113981
1.5008,4.137697416175886
8.8624,6.811163130959005
8.8008,4.8227293426040925
-6.03,-5.249066860000664
-1.9872,2.043696997634915
3.8448,5.666489317143516
-25.056,-23.34961900318394
7.0224,6.349279206418445
10.062,8.850829875543553
20.878,17.950983464202785
-304.6653,-296.5129736719786
67.86,47.632846137348494
52.6344,58.34788435798052
28.497,25.319114549458217
2.8392,7.555487275319569
383.931,267.9982147684748
27.248,25.112380932605806
59.0372,47.91726984410349
1.773,2.237664950386432
8.8624,6.478256337156041
22.992,21.24771521455437
122.2936,102.56816742394837
381.297,332.3202041999999
29.7024,30.91110245600448
6.4128,5.900153432796435
14.6718,13.660896892999382
39.5,135.9229727023697
10.08,8.900810961491995
6.552,6.2114545274517505
-16.0784,5.007677793566555
8.2616,8.008673772559636
41.1208,37.52325016442577
3.5256,3.3597693648979554
31.0184,34.42261940325954
41.993,52.76119428790348
585.552,485.9858051468723
2.4864,2.128915507996857
19.824,-17.210172215957176
29.1528,72.05158541975784
4.2336,3.04001127243015
6.045,10.90576535278436
-13.433,-57.34234184963505
5.484,4.348272538753163
7.9488,7.083802240319346
-75.8304,-81.05580644499028
36.4044,35.02718150666166
-12.7302,6.681184292506406
22.2,14.347099527269457
63.4368,29.521446657563082
11.586,56.161643992461585
0.6624,1.033379547081853
-24.416,-26.15445828348931
15.9348,13.042690079498923
1.5548,1.0969508791466658
8.388,2.015316757460635
16.608,14.461605056236564
11.996,14.497750004697991
22.2384,22.25879209603232
11.556,9.869029862963188
-7.1991,6.404495074875482
28.1718,25.701606419747478
15.525,18.909455693296874
2.772,7.053180586187615
28.65,30.91110245600448
6.104,8.480763106406732
6.93,8.551027945834923
-46.7362,-23.949098852707884
-30.16,-41.548784551007266
10.3936,6.09208080259356
60.4968,51.71120950300803
24.4758,8.032786724687401
0.3399,1.4203493227371602
30.52,21.06279075495555
16.196,46.235900325148535
-46.8776,-45.37453004135391
3.5475,4.131590285055014
8.0997,9.630315336080185
-24.4764,-26.56478804421243
7.0854,5.5293321675575235
16.544,16.015624646991785
15.3426,13.42824773722215
1.116,5.818645017973377
56.9772,54.99003741409303
18.28,14.907594460140986
125.469,136.25638775616494
6.992,1.9161989432302915
15.0696,6.09208080259356
-6.049,6.8331979137085606
17.8152,15.711991193255065
9.4392,6.893088725221204
262.39,170.96314703537155
-8.1312,-7.786967740192946
-146.16,-151.7052207619048
5.3964,6.681184292506406
-2.6936,-39.42843215371901
-29.6058,8.104313924996926
20.6612,13.899295227332624
11.086,8.755912223014988
3.8272,5.338235499529998
-13.8432,-13.269237393772668
2.7028,3.0342677556292195
9.072,7.0166890118846
38.9974,39.658708768291355
7.1864,51.04732870865617
10.8682,8.551027945834923
23.7684,18.81262799566415
46.5432,32.29157115557412
40.1702,36.17795997991414
12.8744,15.235230734308578
-69.89,-319.9574926491916
-94.5084,58.669090469431815
-21.294,-13.009238875650121
64.518,73.06469369533174
-4.497,-17.129718916044496
3.7856,3.8254800252859926
2.1588,1.3958721518217092
6.7188,14.836310252967019
473.6106,387.6748742004417
111.591,188.20060419335212
66.6272,66.51106155397251
15.4752,20.45938732555493
-169.372,-364.02009358602777
12.96,22.037852222945585
6.7176,6.404495074875482
9.1746,17.08806127092651
-17.9424,-12.812656442906869
-191.619,-179.27876365021638
2.2908,1.63517212824998
76.9816,56.084742188123336
0.7704,2.075425378757538
84.0512,84.83174702190905
47.061,41.06590754449433
41.823,40.672353770148284
5.8604,5.529117367555745
8.2992,8.483714309661499
-32.6646,-38.727769588488
34.974,14.848311729282043
9.47,8.42407761683274
7.106,8.266404893587598
10.881,12.75696936074897
24.8832,23.987565130961194
-53.7088,-51.004180432953525
-3.312,3.861940002724678
16.68,15.815786070405766
3.86,5.67780976403163
29.988,36.12262292504773
14.2324,13.270537081302244
19.188,29.728231490896416
8.95,7.912500944210629
0.0,-59.33709344141116
108.7996,83.58506658479753
19.2384,19.11797026018103
272.792,237.44585060693873
-2.588,-2.944593100888468
187.797,193.13626643342278
125.198,97.67802986314878
0.6912,2.075425378757538
-8.05,-7.22259704123231
-55.256,-25.27948138967939
12.1758,12.344374638177076
69.1776,69.15423621790006
2.1336,2.128915507996857
20.5755,15.454353766510005
-28.498,-45.34310383218583
-4.0216,-4.17477886078974
190.0206,169.63619784678605
293.9804,276.39497911533726
8.3754,6.8819620207206915
13.181,9.93874328043323
16.146,16.266071058349976
3.852,3.0454418449145804
-14.5764,-5.311416441822169
7.0218,6.033660995479397
18.018,11.90438868280234
10.8,8.551027945834923
5.4432,4.541351240390432
26.6304,24.266955774606878
27.9936,25.87834631343253
2.5056,2.9667301589249617
63.6825,70.92489986090396
6.8136,8.010347867335373
10.881,13.21838719415314
3.7596,3.7335977616133063
7.4872,5.66826584283393
7.2268,6.349279206418445
0.1512,1.3263001172439377
18.2112,18.408102482102407
4.9648,6.565910416751759
-14.3313,-13.276585660439336
37.495,39.389756997655425
4.4344,3.6464665335977076
-2.0774,-6.638489313472995
3.1104,2.636489317100897
-12.075,-10.248417292442495
28.13,7.434479882972622
327.5922,349.4821952687827
0.6696,2.2716241328596625
55.896,177.11007957431485
45.294,8.367475740601435
117.432,78.90169343875276
20.1544,17.227800358099056
84.5982,81.67430725545519
12.0252,12.75696936074897
22.9954,8.027600333192735
9.3312,9.310462024113981
6.7176,4.0194302612231505
6.9088,8.483714309661499
-4.908,5.338235499529998
3.504,5.005779654100869
7.8936,8.483714309661499
4.3884,3.5768041891081883
15.093,13.42824773722215
1.6588,1.5469797431043781
27.3182,25.112380932605806
2.322,6.09788985530136
3.9312,3.148036276692714
5.373,4.37948177334697
-7.2,-84.5367946865027
3.2064,2.636489317100897
4.6088,4.1708812740815375
84.51,119.1858494472205
12.549,9.93874328043323
-25.3764,-34.52886762560256
3.1104,2.636489317100897
4.1472,5.486567301054658
16.146,16.266071058349976
1.3596,5.88127007281692
27.4365,55.12253209276737
1.017,5.424699960153503
54.666,30.238105060094732
16.1602,15.109688988637911
1.365,1.0748404008287984
2.1684,2.9667301589249617
-47.175,-59.11065763874951
30.98,30.219411931468663
182.3553,138.84993419964394
8.3524,4.4558011787213365
9.855,8.615623389886746
0.0,85.12592722641546
5.4432,4.541351240390432
6.3504,5.900153432796435
1.05,1.0174149125051621
-127.372,-20.531452430099225
14.161,12.956486837549102
209.993,195.1456539884513
44.3664,35.06979652737166
2.7324,2.853275775730753
2.0388,1.4112465592788956
7.9896,9.968893281562858
3.7408,3.281556976568165
26.1096,20.093005683608602
85.1816,56.084742188123336
251.202,232.6390421898428
33.5892,15.064606372654737
59.998,91.17987136956576
9.5081,8.483714309661499
4.872,4.2490905998859585
1.8468,2.1938322838145465
22.3734,17.211077259121456
107.955,91.69045163990285
6.6906,6.349279206418445
503.7822,583.5783153813599
2.214,1.6220890123728995
12.41,26.968064550931445
-3.816,-4.796160752017313
6.4944,6.531507989115397
47.8629,75.98969491479181
-17.248,-17.42642768300261
118.3413,89.85562817019478
22.6737,31.800547159052712
-8.2764,4.439943177524728
3.8976,5.119769183337817
56.2032,60.69100643832544
6.0114,5.427476367528646
65.7342,66.25812741111535
16.194,26.336912811451448
7.2576,6.45391747502838
0.5998,5.712198209074119
-4.06,1.3980531069702982
1.5552,2.9584125853122005
17.9982,26.91544888020115
-199.5076,-143.03305437648248
101.6508,93.50209513109775
3.9498,3.148036276692714
2.9592,4.2517612571781065
1.7248,1.5469797431043781
57.5928,48.275347043365464
-1.6752,-3.7735104336069027
15.1158,22.037852222945585
49.8042,82.55879764877032
21.7728,20.984002504583756
1.794,6.22959884803354
14.4,11.072382317263376
20.7,17.211077259121456
17.472,16.726391591385514
7.209,6.51550555062589
-108.3348,-123.65684518460195
53.8608,52.811885046397265
3.7412,2.9264776381345063
3.5022,3.066266168181609
8.4942,12.368309913642472
6.2208,5.900153432796435
8.236,10.781711727510935
-11.6512,-12.866668908826673
6.2937,8.294525203275319
17.3148,16.726391591385514
7.1994,4.789971420195896
25.186,6.681184292506406
11.9952,12.554767583917412
5.4432,4.541351240390432
7.5768,8.551027945834923
3.2872,2.5723883823521874
40.0036,37.05645297110816
3.3544,2.8484245852059225
31.8892,21.06279075495555
17.6418,15.280153219238057
0.307,1.5338966272272976
14.7,12.554767583917412
27.882,25.701606419747478
3.348,2.436374707604665
-3.7715,3.861940002724678
2.256,13.077024090440101
68.9631,69.15423621790006
-18.802,-17.134243927447056
-11.322,-15.610628645746884
6.8724,5.66826584283393
160.0398,42.42940574377704
240.8595,151.81266982837127
3.24,7.9031957810863
0.6056,4.762228162485554
3.799,3.176868304595993
9.8418,9.310462024113981
-6.3441,-4.918006228712256
7.524,8.483714309661499
239.985,150.39917364694364
11.8584,13.660896892999382
210.594,113.2040280230996
-7.7292,-0.18677526852853185
18.6624,18.49739962745423
-16.38,-15.643013053535656
5.952,10.036338788969198
35.9964,40.91089225581146
-14.34,6.313733586239119
-14.1639,-11.114471401720476
4.3368,5.605665713397568
0.5967,0.9345827859198802
-32.48,-28.07606291756257
39.948,30.258823538315546
-2.1792,-2.4861837069303463
-2.6268,-2.896449688104525
459.396,454.0786862069249
11.7568,9.55499742519999
8.4784,28.857015738574162
-1.0497,8.700668083173873
23.9984,26.91544888020115
3.7308,5.866977490281958
5.7624,5.36394182956419
29.1456,27.145906250337184
-8.6058,-10.350261497360755
87.2842,67.66509988846825
148.704,118.08595474019624
5.5566,5.10040003112104
7.3528,10.739285696399826
10.0485,17.612905219635213
5.2332,8.266404893587598
-179.776,-172.26022325021648
103.8982,69.40756333186746
87.5684,67.66509988846825
0.834,3.0439215443779206
5.9778,5.862684572010644
8.7138,9.082271012545071
-12.796,-13.276585660439336
1.7343,1.199879686215205
39.4268,36.507216634250064
12.1176,5.007677793566555
6.0726,8.483714309661499
2.1,1.9540826746118862
54.5916,17.84368822482809
9.7812,8.551027945834923
-0.8999,6.5054325652336775
21.7728,20.984002504583756
9.3312,9.310462024113981
-41.262,-64.39213639098611
-4.577,-4.640958444262896
6.5754,6.349279206418445
24.9366,20.093005683608602
37.2204,36.013424578950314
-17.4588,20.401644592250143
-27.7158,-31.67168314245869
-86.3664,-13.846876981929132
0.9856,2.128915507996857
-50.304,-46.25586270997418
-20.448,-18.307660682666732
2.7166,1.9723859132083996
-189.321,-106.23470947389532
6.4128,5.900153432796435
-16.998,-14.750857103499094
41.76,46.1382350526495
-10.948,12.297072159241688
-0.8392,0.9783607359728751
331.191,288.709651507631
14.418,14.298541979831189
-16.6012,-13.44245218424886
6.253,5.695724834314474
2.401,1.4721118814642487
10.8136,10.641077387483485
5.193,4.2490905998859585
1.4456,1.6636009057650127
8.4966,16.560513095801603
33.3576,40.91089225581146
22.4448,21.12059925121837
6.0632,8.551027945834923
22.6296,19.118080991991143
35.0244,29.1602649355635
7.0218,6.033660995479397
110.1195,114.36970580707539
-9.9705,-10.133505171590672
3.8048,5.486567301054658
15.2544,19.484462633937476
26.9973,28.189596969090033
3.0498,5.595256651036472
-21.4704,5.104603903615843
4.2048,5.005779654100869
2.99,5.119769183337817
2.352,2.128915507996857
45.1395,18.804700533893662
25.2936,19.085441398073748
-46.797,-55.29495158336233
33.1584,13.796374868500509
68.3332,36.376547406124594
183.995,199.85673803750265
2.3077,1.63517212824998
14.161,12.956486837549102
12.672,10.71277321430117
4.485,4.41096006692942
214.4675,128.72567805343556
6.03,6.349279206418445
-168.819,-261.7267077932183
5.3196,8.483714309661499
6.8724,5.66826584283393
132.5898,130.98279911631428
16.6788,22.25879209603232
14.2956,13.409566349402036
-3.7296,-3.288671791515209
8.4528,8.521647932650184
-6.8634,-6.0056362973292865
2.0358,2.148706492262726
4.1988,11.904106673997248
1.638,1.1239305284727445
21.645,49.82066467596333
5.1042,4.2517612571781065
2.0748,2.8729875088951866
-13.6461,8.549686724254187
9.8784,8.483714309661499
5.214,4.1708812740815375
31.198,35.326418201774864
-67.941,20.956943586303222
5.3703,8.483714309661499
1.9656,2.6399992503837053
9.936,8.483714309661499
2.7384,6.447539698670705
143.6288,109.56815981294503
10.8864,9.113818603786608
33.93,30.91110245600448
0.0,97.05400960610007
-18.1176,-48.790512699020645
81.8432,65.8781829040163
-64.7748,-21.789606436235466
6.7236,9.402973359563203
7.776,9.474579349964255
10.8864,9.113818603786608
3.6288,3.1397763484556425
0.3336,1.1535725503435903
179.7488,144.4844572499745
-4.7976,-12.338128740727218
2.3892,2.636489317100897
53.9217,45.53122484359781
14.501,27.506936193024114
66.5408,-33.87257077292563
35.8644,36.31624585522001
45.528,41.75914128211464
2.8536,3.6732950128217374
3.6288,3.176868304595993
-417.0936,-423.6333275531498
6.098,36.42026812245357
5.1184,4.348272538753163
3.4368,2.636489317100897
15.8158,13.8303116633386
54.8613,39.0435628496969
70.219,46.939302245312454
7.209,6.51550555062589
41.934,41.61811098201084
30.9504,35.46831012643555
0.0,92.66665290766753
-2.6892,-2.7508401263295337
79.8912,82.16811660605613
8.2344,7.817507830705506
109.998,-48.54079394768316
51.759,37.78190733498034
8.1216,7.083802240319346
4.7067,4.184489052705507
-46.3998,-34.45982073382767
54.6912,52.213105703830685
7.2576,6.45391747502838
20.4525,17.563161319428033
16.9975,37.53163244416575
13.8915,13.271954962625086
48.94,41.75914128211464
11.5971,13.21838719415314
5.98,6.3708028411280315
-2.249,-11.216217080628077
23.028,4.682477605996795
6.2995,10.239456061774938
307.1448,232.09044934516518
40.12,58.73564617029793
47.92,31.917867765035897
1.8,1.215745793864617
0.0,143.00234812770165
3.29,2.9584125853122005
1.0166,2.099274133136148
22.518,17.271933404769847
0.924,2.3940662845110507
-18.222,-38.3653060155154
38.988,32.5619055339824
125.5824,119.76972748702629
-5.823,-6.222449482795807
31.2664,55.770994254858806
6.924,6.2114545274517505
52.5114,16.022544137568296
0.8162,2.3940662845110507
65.978,40.28530992585704
-77.625,-106.0346905705963
34.96,27.59776666116409
6.5538,6.22959884803354
97.6524,67.3146291894438
-48.5082,-28.06078603738532
6.6846,8.955692098074294
7.2111,56.549405804779
-1.476,-2.388797681737239
16.3352,13.42824773722215
-1.8126,1.973831146428377
79.1934,74.08647181600023
-4.2222,-4.89968341582483
2.2066,2.8207997140505654
219.6546,167.12078995032104
7.3872,9.5974234563111
9.7218,11.014764080552833
24.4608,22.879958175804337
1.6784,-0.4157932685285319
1.7919,1.6749637333444838
-9.8463,-10.133505171590672
54.3332,36.27076867631451
74.0532,84.78006992660805
75.68,176.40974131051644
-90.3762,-42.295310382779974
21.259,14.206528796081189
-2.07,5.88127007281692
12.9888,9.558677543036756
6.2208,5.900153432796435
-356.728,-363.68393817324875
6.745,2.123097997439467
9.8856,9.630315336080185
34.4148,32.729688314790465
-59.0571,-61.95983080009422
160.623,115.08052930058666
6.3504,5.900153432796435
46.8996,69.1734540894183
21.42,10.239456061774938
14.547,5.989423284045341
83.284,82.4446080545822
-30.245,14.848311729282043
30.7008,21.06279075495555
53.9946,29.975771333627048
7.774,6.06111998695994
22.0077,20.093005683608602
6.6294,6.2114545274517505
5.4896,5.005779654100869
48.906,32.29157115557412
2.0592,27.66640718239302
-7.0146,2.90625486595229
3.7436,2.9043078046323108
1.4784,1.0665050401491085
-123.858,-174.82807085021648
5.6,4.314880226166519
9.039,9.310462024113981
6.2016,8.125585556842035
6.7915,5.5293321675575235
2.19,2.2833588306203
74.9985,12.301644268561247
67.608,95.9286048777272
4.5816,3.7237657874282046
22.2,13.660896892999382
3.504,2.41046445761002
22.9488,29.43086283145624
9.1296,6.404495074875482
-10.0372,-10.133505171590672
12.8256,11.59239820069866
25.4384,30.144335184987014
117.6147,57.24631847788023
13.8915,13.271954962625086
2.9568,2.6562803013667655
-14.5656,-14.256135360801373
4.485,8.008673772559636
7.6416,5.666489317143516
-20.4352,-21.55497433450197
14.7668,12.9632511928911
35.6636,34.68740644713785
41.986,40.28530992585704
-107.9928,-93.99944839969613
5.2272,10.807832328412964
-81.94,-132.59121392432732
6.795,6.537029185335476
3.6156,2.9043078046323108
7.049,5.987256629575062
14.8,10.972338049441724
16.5888,20.45938732555493
13.208,17.338754199660126
-14.7594,-14.827620805262907
53.8048,42.11623869086332
5.369,4.314880226166519
20.6142,13.660896892999382
68.6868,82.60109534328616
70.008,60.14746736085083
5.6448,4.892849576881587
2.3952,1.549749148939069
15.8436,36.629963362531186
91.9508,93.28110321918379
70.5564,52.76119428790348
3.4104,2.5723883823521874
-21.0848,-22.889912797823882
11.5432,9.869029862963188
5.2256,5.251011752344908
-24.803,-47.76206428372897
96.416,69.40756333186746
87.4825,74.5039304832448
7.056,5.5293321675575235
193.32,196.3370813349211
5.4332,4.980777544770239
-140.1408,-107.37310590764896
0.666,0.9345827859198802
46.3185,41.06590754449433
0.7794,13.21838719415314
3.857,2.9584125853122005
124.68,257.7771301685015
1.476,4.0629794160119
81.1314,114.1332705487248
4.3296,5.486567301054658
6.8714,5.603195638528707
15.6744,18.854427211134787
-8.5008,-11.895055585942924
1.7248,1.5469797431043781
9.352,7.129985276507996
125.3,126.25827678767725
15.5232,14.218313936485606
2.8224,1.9723859132083996
4.6193,5.88127007281692
0.5004,1.7379905847105062
7.986,8.755912223014988
81.1734,75.45101185387358
58.4962,37.91095315767357
35.245,19.782711178016967
120.9468,78.3347566280917
173.235,146.9292865217506
-694.2936,-333.60634043146325
4.2224,3.6553884358088857
-27.1296,-45.17749857981545
5.4432,4.541351240390432
9.3312,9.310462024113981
8.0766,5.67780976403163
9.5616,-11.65980617641578
5.8744,26.966901423935738
138.417,109.5792900745863
4.36,5.717904615100484
24.857,-10.675786589852155
-2.6256,-2.682492558042706
1.5288,1.645349704346573
-79.908,-24.79241054977976
5.4124,93.0325637868181
21.0128,20.931852617434647
14.4596,13.21838719415314
33.5888,32.69513308269356
-13.816,-13.464305971987148
9.2176,6.995258285344087
63.984,58.34788435798052
-19.3382,-8.09730272857557
7.605,8.955692098074294
2.2365,11.004767425970323
2.891,6.22959884803354
4.1328,3.756337192239096
12.1032,34.78325018309144
-21.888,-22.229803516470025
12.264,12.554767583917412
496.0725,410.1328588294414
47.98,46.1382350526495
9.352,7.129985276507996
-331.96,-392.0417910915112
102.4998,71.44313787568909
39.52,37.52325016442577
2.87,2.310435038687662
87.9912,58.34788435798052
48.94,41.75914128211464
-131.951,-51.81140379724778
22.6184,18.379584033372165
7.264,5.684241514296672
5.0232,5.54711252596665
108.1752,141.2506408354947
1.1946,1.1239305284727445
8.4888,9.013487161659663
6.7236,9.402973359563203
335.9944,257.95279949432444
109.7544,130.98279911631428
7.9704,6.22959884803354
5.3214,4.510310873986624
1.69,3.5663756145703562
0.556,0.8854926582759336
3.8024,1.9968894398583246
4.9271,5.63705800583133
6.7068,6.014775221401011
4.176,3.706728125730671
364.4595,514.7053636051319
49.5552,54.4600677180202
12.5118,10.972338049441724
-52.3392,-60.34792427310915
17.5344,15.711991193255065
-7.3255,-6.950487038414368
-3.6892,-3.3447299870789045
21.06,17.328050156353495
-247.7988,-172.36394072021474
173.0316,187.90649586001877
-1.8106,-1.8592266525693117
-14.9877,12.63406411318797
7.1586,74.73803460593135
-204.3145,-11.856080441223037
7.2576,6.45391747502838
-1.6764,-1.5371646974332362
13.832,12.75696936074897
1.8998,1.215745793864617
-2.6256,-2.682492558042706
81.1314,111.13492929207847
-8.6058,-10.604701497360757
-1.9272,-1.8877626731560333
37.5624,35.02718150666166
0.5904,1.5338966272272976
-250.5408,-309.39740523827896
116.3904,69.79532514418487
24.5028,20.31453911029058
3.717,5.373037418357471
9.198,8.483714309661499
27.882,25.701606419747478
71.2692,78.00084804187837
-95.823,-24.169170746739315
22.2264,20.931852617434647
-13.3936,-13.396782775017453
1.375,1.6792930872705898
9.63,9.080809546643751
14.8344,19.484462633937476
79.8912,82.16811660605613
13.8528,-24.24494530757735
8.991,9.310462024113981
48.3771,39.90289173715667
-6.8334,-7.1229576797404714
3.21,3.071731495014545
2.808,2.447220662910859
3.0498,5.595256651036472
93.7688,39.13373827799557
129.294,488.5845482766461
3.475,2.951450046153384
3.1752,5.005779654100869
-12.208,-13.276585660439336
-66.5088,-59.36186352920128
17.3754,13.21838719415314
51.1485,78.63854075569937
329.994,228.35361393324877
62.7004,55.248024941680825
34.1784,51.5134217750366
-13.938,-13.233922425145217
-3.5508,-3.3447299870789045
0.6474,1.1666556662206709
2.94,3.9137601091817897
6.4128,5.900153432796435
19.041,20.269745577293655
4.0768,3.8254800252859926
16.5984,16.426632687875
50.5848,60.375414893935606
90.735,109.58950696754897
24.998,29.67620406093045
0.365,0.7141575462512948
72.8088,74.93602401368958
168.4704,153.94054937748137
68.585,35.14554854751934
-21.1596,-22.889912797823882
0.868,0.9345827859198802
214.76,154.85273580506123
144.3546,109.58950696754897
-67.6704,14.321137559790516
-4.455,-3.7026199322730338
60.392,67.66509988846825
-6.237,-5.958673742822614
41.5773,46.1382350526495
-17.7072,-12.714396594248555
-2.5212,-2.7978496191640483
-3.6212,-3.3447299870789045
29.692,30.08602908146866
39.3408,32.20640974447134
38.97,46.84159937757995
3.792,3.4071313842829225
9.3312,9.310462024113981
23.7744,18.759907938440143
149.382,100.84443760843918
33.6474,31.802731954868115
4.5873,9.680906572896326
69.1008,60.00273880642907
7.6146,6.033660995479397
20.844,13.666895719534466
20.163,18.057931862731362
3.9312,3.148036276692714
52.493,48.90863887921829
1.521,1.2026626779875365
59.493,52.76119428790348
3.3534,3.658275173349718
-0.7748,1.336483385295533
67.495,78.00084804187837
-325.572,69.47643752382217
1.5795,4.0629794160119
0.8946,1.033379547081853
16.3352,13.42824773722215
-0.6048,1.0174149125051621
-3.5712,-3.923758351529955
8.8686,8.551027945834923
124.485,127.65365576853284
6.2208,5.900153432796435
2.4824,2.9667301589249617
18.447,23.08799438463366
14.67,10.972338049441724
90.7152,87.13565984431597
-211.47,-224.85175482885387
55.4364,52.76119428790348
-51.294,12.217807663899368
5.9136,5.373037418357471
16.5354,19.118080991991143
-7.656,-7.468493111357053
7.434,6.181001565608455
95.586,22.50278602313933
89.997,88.73003634103935
349.3392,261.47396272003795
4.914,4.314880226166519
37.9962,28.19197302766208
318.3016,238.52516431034425
2.9682,3.0202202881642815
35.6346,36.06525921103674
48.3336,39.867060523628744
79.758,82.60109534328616
0.8382,3.085894958888304
11.2896,8.551027945834923
19.6248,29.18157137056103
2.4824,2.9667301589249617
-97.176,17.843767076322873
98.2722,109.60053605546186
16.8237,15.148129824798673
17.994,14.749960229806218
361.2994,293.57387614975227
51.4975,87.39683935318915
19.7316,20.21085954948456
6.2208,5.900153432796435
8.0712,8.551027945834923
11.6091,11.373903089139347
35.156,26.976977232633107
1.5522,2.7982007579356942
-0.3488,0.653810252965027
16.5531,22.301506003801947
5.2029,4.273675425177206
9.0288,8.955692098074294
321.84,183.40923101388688
-49.5516,-49.67086106666666
9.63,9.368611629692646
16.68,15.815786070405766
2.128,3.7667345604180356
8.4942,12.368309913642472
1.002,2.21211989050206
-0.7128,1.033379547081853
1.668,2.075425378757538
-22.62,-25.592955495001643
3.4692,5.373037418357471
7.5087,6.577209324831274
12.1348,10.670347183190058
-8.7232,-43.201323281390806
15.8631,5.251778000874474
15.0735,26.91544888020115
19.458,13.21838719415314
0.9995,4.137697416175886
-5.4801,-58.67317623053641
5.4432,4.541351240390432
54.9976,52.579877804986474
2.034,12.42967149439203
73.41,69.47994071790006
-4.7145,-4.89968341582483
19.755,5.88127007281692
-6.098,6.430729218277849
13.572,19.040762746372454
9.5172,10.972338049441724
-1.11,-2.8039277895280104
3.666,5.622750343549613
68.976,69.33012621790007
78.9412,59.240306808144595
0.968,0.9345827859198802
20.1558,4.682477605996795
74.975,87.97700023301388
38.0864,46.1382350526495
17.694,46.8111522782306
3.7692,3.3597693648979554
374.6286,361.72752775237365
292.776,233.4486176343345
-64.9376,-115.15688579905628
219.4416,168.7907322576765
100.196,121.04720722963773
3.8073,10.62422299437392
28.0876,20.45938732555493
43.9956,18.17976158759196
2.3364,6.0473693234961
-11.937,-12.027510745248419
-3.0396,-2.896449688104525
3.7128,5.486567301054658
9.7152,5.923008938850756
45.294,20.956943586303222
6.9372,5.603195638528707
113.998,92.46327533487506
0.1533,0.8854926582759336
-3.168,1.3381999446590733
1.3622,0.9345827859198802
14.212,12.974798383720255
-15.08,-13.562649298826976
3.7584,3.176868304595993
24.936,52.08380684582051
-4.6464,-4.626358927869454
18.8784,13.2760778239714
2.3976,2.128915507996857
385.3752,216.88057379531824
4.5588,6.614844470316879
12.993,33.00665796854986
92.5056,90.86268715200073
-9.7902,-6.304767892719649
160.623,114.80779773803546
5.5071,4.37948177334697
5.1948,8.413449470233308
27.4344,27.975067317080676
-120.372,-169.72552768009203
23.9688,20.17446324742028
14.9292,32.729688314790465
2.3868,2.128915507996857
-18.4624,-18.613426819899313
16.2204,13.683867366770002
21.7728,20.984002504583756
5.2332,8.266404893587598
5.24,8.483714309661499
14.6825,20.63612721923998
6.465,27.636371078238405
3.3099,2.8038748801577107
582.232,514.4985525822254
13.4386,16.430576547760413
8.9535,8.483714309661499
11.8768,11.616227909137875
8.88,6.130481033803197
71.991,58.73564617029793
54.3528,16.022544137568296
6.534,8.996794981405497
6.715,6.575239976237931
21.4776,19.766658740320466
5.4432,4.541351240390432
-3.2175,-10.711371354747312
33.831,28.455357259627604
-44.2782,-43.1145837616431
27.4856,20.63612721923998
56.1752,36.416570602081954
25.5798,24.576350695725026
75.5958,97.56323606166534
18.9702,14.78717340376483
6.304,35.98455145555103
103.3116,65.25087612377273
-35.5136,-29.99018171042609
111.1035,138.4794811880975
38.2095,55.26880831178616
13.428,12.192189217476807
3.1104,2.636489317100897
64.7856,36.507216634250064
34.9825,36.830826657020914
15.9446,14.218313936485606
-320.597,-283.10141990260814
56.0547,39.886090130320426
2.4012,1.63517212824998
10.584,8.551027945834923
3.1032,10.386422511355052
6.6312,6.320282309322773
-2.0016,-1.8592266525693117
7.6869,6.625806607256358
297.69,142.4836947871888
3.15,2.4673473980162393
7.6284,6.22959884803354
30.7818,20.093005683608602
4.5188,4.1708812740815375
41.4456,40.18584590206297
-4.1712,-3.7026199322730338
11.4516,24.450379502663218
0.5992,2.075425378757538
35.6613,30.219411931468663
67.992,50.98420929186163
16.3172,6.6847214476480925
35.6346,36.06525921103674
24.4768,31.493050074325897
-26.624,-29.001999073405273
-183.6324,-130.09303691199457
11.7488,51.17423716128708
6.2208,5.900153432796435
12.7008,11.616227909137875
25.7488,30.144335184987014
1.375,1.6749637333444838
8.5164,32.12613582686597
43.706,54.65103849705025
12.4416,10.568811799033808
2.19,2.2833588306203
-9.153,5.461571807222306
-52.17,-37.40033372507091
6.496,6.2114545274517505
-39.9528,16.022544137568296
4.004,5.666489317143516
3.0338,3.085894958888304
14.7184,55.30199160231496
0.4074,10.459303036409722
11.0264,8.93862849221022
-192.0468,-124.17684830240398
4.2336,3.04001127243015
13.2,33.004204419216684
1.3514,1.377176027086328
2.4675,2.2911550796257516
8.7372,8.819654672699679
62.1414,57.18487199933689
5.6448,4.892849576881587
16.704,15.235330634936396
315.8118,239.79097571034424
9.3312,9.310462024113981
20.0851,19.312597605194505
15.44,12.484284618109381
18.1908,20.093005683608602
5.7594,5.810160736404782
-52.5481,-59.67445139267979
55.845,60.69100643832544
3.894,12.280484255814788
17.27,14.461605056236564
3.968,7.041315922336441
21.2954,18.909455693296874
10.5072,11.306859481185409
8.1552,22.92169638956661
207.147,132.9974292604974
-73.8192,17.639760198545094
6.9664,6.01764984457388
3.6288,3.176868304595993
206.6232,196.13120870416935
9.6632,9.310462024113981
43.9956,17.442756558465746
1.728,1.1239305284727445
2.8884,2.3904419883431967
39.8886,58.34788435798052
176.8026,146.41317811951018
49.3164,52.76119428790348
-7.7247,69.15978567847196
22.2352,14.298480230493578
-2.918,5.712198209074119
28.497,25.319114549458217
25.1496,22.17330345286291
5.4432,4.541351240390432
751.7601,592.6046497171716
3.741,3.071731495014545
6.074,6.76016104944668
32.936,29.598460136660925
12.6392,11.132446359452299
1.86,6.986256501854424
79.8912,82.16811660605613
61.3824,56.084742188123336
-0.5964,-1.3431802891788012
37.2186,29.205753035589897
-17.592,-16.32002319942171
3.9852,3.7294675563564605
21.8192,26.966901423935738
0.0,4.961211092045804
-0.3398,4.057826774520134
4.0338,4.061169976335553
26.0568,22.569774312963915
7.152,5.968590791174174
2.1492,2.128915507996857
-71.99,-87.72382952210009
97.1946,600.4320640623375
300.735,207.7719409822944
6.48,12.583995500168701
190.3881,126.27814335835545
35.0973,91.86161614779647
21.7355,6.404495074875482
26.3967,58.73564617029793
9.936,8.483714309661499
0.4984,0.9345827859198802
13.4292,12.554767583917412
-1.476,-1.48780989633166
54.3438,33.00665796854986
14.3952,5.712198209074119
-10.0372,-10.133505171590672
8.9208,6.995258285344087
59.0352,59.78601321224873
6.9258,8.355564604835383
5.1816,5.66826584283393
17.22,16.015624646991785
12.358,12.368309913642472
5.4128,5.695724834314474
-383.9904,-357.4521942153293
1.6704,1.9220500636234223
23.0864,22.407501050215707
2.8912,4.273675425177206
63.873,41.95001380741655
5.9184,8.551027945834923
15.992,-19.787384243559615
38.08,58.73564617029793
28.3095,31.155222157519358
1.848,3.9987828683635023
1.4652,1.215745793864617
7.98,6.06111998695994
12.6813,11.264433450074298
1.311,5.785334511487691
3.1104,2.636489317100897
59.373,61.71818336324417
40.416,32.729688314790465
22.3888,27.145906250337184
4.704,3.9690264949400342
21.996,23.5512438623652
1.652,1.3237032119692653
635.495,375.72326941394954
28.0784,17.767541309983052
5.04,3.7237657874282046
751.9624,579.921948400161
7.2144,5.748812411388234
-31.9144,23.190717110066295
38.1576,41.95381031546267
27.3582,7.919613774821393
-4.2336,-4.640958444262896
17.3754,13.21838719415314
3.8682,8.996794981405497
32.3351,46.1382350526495
207.8856,180.50210560623526
49.4376,52.76119428790348
-10.9611,-12.714396594248555
10.92,9.368611629692646
5.798,5.953173969614518
6.3936,5.67780976403163
21.5988,104.4645179632354
13.9728,5.377258636881786
49.9704,50.37608015514932
0.0,-0.513492219547396
1.112,1.1535725503435903
77.7519,87.09582361603667
7.1864,52.59855740338431
3.6322,5.31504336297495
-8.5416,-26.534567079681327
-172.557,-134.89767969719603
3.363,4.135402593263599
15.8376,19.97748791284502
-377.9892,-267.1527071938545
48.7011,20.986839387053518
8.9544,6.880364829506221
-10.3936,-0.21026345028532836
-32.3673,35.76713088837168
54.2808,57.247343894417035
23.0965,37.20886751143302
-1.3208,-1.3604473202205494
20.84,11.877287503945954
3.5948,4.266427273785566
47.848,16.022544137568296
2.9145,2.3656497541918324
11.7334,10.587128594974216
-4.767,1.2601331518217094
4.8588,19.664623499837734
1.7024,2.853275775730753
3.0144,5.657456791208148
26.564,30.144335184987014
1.5444,25.34716397739913
33.93,30.91110245600448
5.7624,5.36394182956419
-52.632,-47.990800557735895
-7.0532,-7.010804807232166
-63.0056,-20.874895027086396
-54.5496,-52.13171166349206
-39.804,-42.34406502830976
-59.373,-58.21467072008909
78.672,81.88493034149406
73.41,69.30405071790007
12.7008,11.616227909137875
34.8128,27.145906250337184
91.7728,74.58686529119637
9.768,9.680906572896326
2.7072,1.8470424442264912
9.828,8.615623389886746
5.56,5.486567301054658
20.21,15.601573119959152
32.5376,29.43086283145624
0.9282,2.9584125853122005
23.55,22.72010696949178
6.4944,8.483714309661499
-24.4764,-24.858106598383078
4.2336,3.9151138329942774
-32.784,-9.472365581769754
-5.8496,-5.958673742822614
12.4416,10.568811799033808
24.8832,23.987565130961194
17.37,12.554767583917412
12.72,9.191292161326858
5.1015,9.295331401096012
3.6288,3.176868304595993
0.5508,0.8854926582759336
4.168,-4.872865047882776
19.872,13.21838719415314
4.6644,4.2490905998859585
176.386,192.920968065563
7.9527,5.695724834314474
1.5876,1.9287262532054463
-67.137,-130.6270536680437
-1.428,1.5648157342343734
8.7384,7.041315922336441
27.3568,4.789971420195896
449.991,333.1861551077522
130.87,86.71085356882098
26.649,26.89661478944198
-57.6312,12.217807663899368
33.3124,458.1548550613731
75.5937,101.46101120190855
0.0,-68.78590737433659
9.3312,9.310462024113981
79.794,68.70825982180156
5.1408,5.923008938850756
50.396,52.76119428790348
4.8118,3.6732950128217374
11.5587,10.681931672023351
14.148,14.794146966319895
50.9898,40.28530992585704
-52.3365,-32.28926954195379
260.6112,390.99146572361155
2.478,2.128915507996857
23.924,5.048758082769464
21.2512,25.435003738115693
11.98,5.712198209074119
62.532,60.69100643832544
36.3018,12.000663577422364
3.36,2.582999187861578
9.2386,13.671208203023644
9.0576,28.73709486427723
222.588,126.41343263620698
1.1016,1.033379547081853
3.1654,2.636489317100897
113.9886,87.97700023301388
6.567,8.483714309661499
6.615,5.603195638528707
0.6192,2.3668608977889036
7.272,5.733090476167162
7.2298,8.483714309661499
46.1184,41.75914128211464
-337.806,110.43979386325105
19.8276,19.829351902752244
1.1656,0.9345827859198802
163.1898,150.05574336122936
18.447,23.08799438463366
44.9616,38.11070384537486
2.9646,4.215126219590694
50.9208,61.40259181885433
14.43,32.08606169029634
5.397,21.00867847418472
140.9568,130.50025076816237
-272.58,-184.52285915851684
148.5106,100.84443760843918
-99.1032,-85.73650468571428
94.926,191.6701049644084
-9.093,-18.45023215637031
13.2522,16.824407490070154
106.477,79.03652901027476
5.7365,5.661175625920477
2.691,2.131855183710861
1.9024,2.582999187861578
-462.8624,-410.3240919181156
2.0492,1.2302269982854837
16.2688,13.21838719415314
-5.8346,-45.34310383218583
3.8529,3.6553884358088857
5.1012,4.541351240390432
164.6316,160.6200019906365
63.686,71.57106723894547
14.1426,12.9632511928911
1.7739,2.582999187861578
1.2948,1.1666556662206709
33.3396,26.96369518983036
303.3408,194.80049714248605
16.65,16.726391591385514
176.7864,149.10766677184992
1.3677,0.9949300792061482
19.8254,19.364747492343614
5.652,5.373037418357471
1.0008,3.6533395034592457
3.9474,3.6285187999262503
103.9992,147.45043029791236
141.1644,111.28484181137718
4.0995,3.0936347922959584
2.5488,3.2793556274519626
32.5008,26.46533568747075
14.2758,13.409566349402036
8.4888,9.013487161659663
213.7044,232.5913704413015
7.5992,5.695724834314474
287.982,99.12483795374395
112.4064,137.33736965428628
3.7743,4.136036100324555
20.1558,3.308464117901557
22.3776,14.358272535167172
12.2328,32.4531810194968
0.584,1.3106200960921848
4.6228,4.1708812740815375
1.3583,0.9843902439417707
-29.4368,-27.76613582205864
11.1384,10.681931672023351
3.4357,2.745806848172519
52.688,36.604405111825706
14.7582,19.496981568049076
10.0282,12.554767583917412
11.891,9.191292161326858
-8.5068,4.803551154935957
4.5882,5.346528019117796
4.536,4.2490905998859585
6.372,-9.976040382045433
-26.2476,-25.58791853784277
15.5288,14.218313936485606
-14.7708,-14.943167610203066
4.4541,8.422878241008808
-2.6025,3.7315488292636667
2.464,5.568506456097444
52.38,52.785387270264245
133.152,133.64257962283162
258.696,191.52362886043477
10.449,8.819654672699679
12.744,9.5974234563111
15.594,15.899618486358303
62.1376,45.17535613825554
-28.224,-30.512651844313403
14.651,12.956486837549102
6.4128,5.900153432796435
-124.431,-57.34234184963505
0.3024,2.9043078046323108
20.5764,18.047266471019224
9.534,10.155350951837798
-10.1178,-10.221718660786253
0.0,9.978813062025466
-107.9928,-93.99944839969613
-166.3935,-155.84783937142865
225.6,150.39917364694364
7.7728,15.591510158686742
-2.22,-10.865962213056003
-14.6958,-11.887515700890797
49.4376,52.76119428790348
19.3984,15.87652228230112
-37.7332,-25.95226244222831
6.0368,5.790100691204615
225.264,207.4163935182158
3.798,7.041315922336441
0.6786,0.8854926582759336
1.0287,1.0174149125051621
11.592,8.797564468986618
2.0358,2.148706492262726
91.056,88.69789214626928
0.3384,1.0174149125051621
2.338,5.92998580474925
4.2294,5.007677793566555
19.9746,25.490219987901117
1.0731,3.9257261840508484
5.6644,5.3389397202335624
43.9956,28.19197302766208
93.884,77.74895460931552
57.4938,56.084742188123336
81.583,112.81703081747413
-264.9208,-267.7872577909284
12.6077,13.270537081302244
1.4406,4.230687531837444
224.424,545.7278240793268
24.9132,19.829351902752244
25.1225,28.360902045366156
78.6828,65.84573672273243
99.9408,97.03300214479606
10.224,9.368611629692646
3.888,6.271747961610979
9.3312,9.310462024113981
6.567,8.483714309661499
-24.189,-23.92386240388687
-6.4233,4.803551154935957
196.686,113.05548833822336
244.2496,207.4163935182158
-135.087,-132.66577241647505
8.3958,5.712198209074119
115.5528,67.18472658800417
-1.0196,-11.074760199488495
130.7581,83.46550278538957
42.0256,40.38254797014828
20.539,13.75682872239169
51.75,58.34788435798052
3.3785,4.980777544770239
-128.2388,-75.64334062649044
13.455,12.956486837549102
8.2156,7.750286407446676
44.8896,50.29964354151438
40.1702,36.17795997991414
0.4068,10.459303036409722
-7.5168,-6.934127438414368
10.4148,11.264433450074298
1.7136,4.137697416175886
86.3892,58.73564617029793
2.4174,-0.18309116326537392
17.6673,13.077024090440101
12.4416,10.568811799033808
1.7472,1.215745793864617
41.88,90.23780585945381
-8.5794,-53.80212950923467
49.105,37.13473021086822
10.3936,6.09208080259356
33.3172,32.279065824082444
-8.532,-15.561251291972685
30.2112,21.06279075495555
16.8,12.554767583917412
5.1012,4.541351240390432
34.9965,28.19197302766208
30.4776,48.146615101010674
2.6496,1.9723859132083996
17.745,43.902018793947924
-42.9516,3.2843481445905662
6.4128,5.900153432796435
5.5,8.480763106406732
6.0736,8.607886650486865
63.7392,55.358535756685626
141.723,46.1382350526495
4.6644,4.2490905998859585
-2.6997,4.682477605996795
-31.6,44.63972818276856
-36.4704,11.10465644135953
2.73,2.1669879299126187
19.8254,19.364747492343614
32.4342,-1.466719599663426
314.0384,247.1332580734187
28.896,25.112380932605806
12.5118,10.972338049441724
9.5418,5.989423284045341
13.734,11.68940791876164
3.7408,3.281556976568165
-29.0073,-24.529167210689156
5.79,8.483714309661499
375.735,252.5453355257008
82.497,109.36990640126731
-3.788,-4.4086820448799635
9.3624,9.310462024113981
8.733,8.551027945834923
161.9919,82.17574605770602
-6.54,-0.5041358339387196
114.96,102.44015659601922
0.7425,0.8854926582759336
1.3365,1.0665050401491085
3.0558,3.0342677556292195
23.5116,26.966901423935738
5.4896,5.005779654100869
19.9665,18.23108411279339
3.462,4.921537472851695
350.9082,346.2558081358652
-3.168,1.3381999446590733
7.8792,7.674719962721514
0.1191,5.029710062420911
-20.3322,-18.83977945186885
0.6408,2.075425378757538
7.4368,5.7785895129314815
13.132,15.321192882345166
373.779,513.9314418066125
2.7944,3.7237657874282046
5.8891,5.249106606353177
6.7966,8.355564604835383
-1.0656,-7.473290509740959
5.7753,-0.4172071693270172
-13.993,-11.905943844849554
53.982,62.98754306575008
-12.9122,13.718092024346976
3.0368,5.005779654100869
-249.3216,-278.7082681050842
13.7193,17.612905219635213
9.6957,12.583995500168701
4.2,2.9667301589249617
-6.0768,-6.0051999392511854
214.164,138.31129257446904
41.1332,56.47250400044075
29.985,29.316144484402763
6.2208,5.900153432796435
49.4982,52.76119428790348
3.6432,4.0629794160119
137.54,70.45955803043431
240.2649,230.21053081804567
247.996,88.46860988326036
13.9986,17.612905219635213
2.3406,1.6496533326708465
6.8908,5.496741904754223
517.4793,600.7705163020202
95.76,58.34788435798052
68.8464,74.27699272495956
4.8804,3.833526990134039
7.9218,11.014764080552833
43.2234,89.58498584854834
49.2723,149.1534952597791
371.316,261.18685060648636
26.9304,24.266955774606878
-47.0304,-51.64306573037792
126.3942,91.85793655685173
9.6657,10.712672025337747
-40.4712,-51.64306573037792
16.6568,16.015624646991785
3.9248,3.040867228131387
68.976,69.52810616335461
-86.0586,-50.12568697798201
6.972,6.349279206418445
12.504,-26.891946204783224
5.1294,5.079878531214407
2.6928,4.047235820744454
36.852,28.03420834392963
4.9248,4.27860377754727
4.4892,5.66826584283393
2.7168,6.285926412004033
3.21,3.071731495014545
5.796,5.373037418357471
15.9425,14.17140174326383
3.5529,6.181001565608455
81.5949,56.816725682194395
0.5432,14.312926248256801
-31.647,4.89535246735423
5.544,4.186150368556839
8.7145,20.401644592250143
38.5722,-19.496091800214565
-40.6504,-37.750287604184706
13.0112,33.67445660658953
1.2528,2.4203510270282234
29.673,26.802935339084293
0.0,5.67780976403163
17.76,10.741854727427922
11.703,9.869029862963188
0.9856,0.8927943137153451
7.2576,6.45391747502838
8.554,6.6847214476480925
-6.188,-10.897364335343758
3.6288,3.176868304595993
5.5616,0.35775773265702154
282.2092,223.15531819013333
119.2,109.68824722613185
18.4604,25.85475769119103
1.9089,3.06841323554566
8.799,13.21838719415314
76.6395,57.173168036295856
10.3168,13.21838719415314
-7.476,-5.8467683851443555
70.196,93.58389797249757
5.07,5.605665713397568
144.5157,92.50583277331253
1.3416,1.6220890123728995
10.896,9.211452810184744
41.706,30.144335184987014
2.772,2.2911550796257516
146.79,69.0867772060367
5.4432,4.541351240390432
15.552,15.815786070405766
58.66,58.34788435798052
-34.3148,-38.685503102284876
62.8075,42.4373170089574
65.9934,29.975771333627048
51.996,48.146615101010674
10.7996,12.75696936074897
10.5072,8.717464375792765
4.3176,9.918707055915196
41.0216,35.22697792970212
17.3376,14.821606115725638
5.3116,4.412621382780752
10.881,12.75696936074897
0.0,-54.963419857491246
33.995,36.31624585522001
6.3504,5.900153432796435
-3.3488,-3.33036050102606
66.7152,93.5264483531078
133.152,133.64257962283162
-1.7772,6.931525255301669
19.656,25.28720705022367
178.901,98.87657516796722
21.591,15.513237500938514
4.6764,13.21838719415314
5.55,6.090715775385462
1.6704,1.3237032119692653
-4.1712,-3.7026199322730338
5.2164,4.824999821980011
-13.167,-12.083079416093632
7.5762,1.1067036961004666
171.93,131.0890787280359
1.728,1.9220500636234223
14.1246,8.827387872036535
-145.3508,-268.43096266168845
12.7764,5.079878531214407
7.4496,5.66826584283393
6.8714,5.603195638528707
1.512,1.0824696747257994
-24.9984,-26.99941438568099
-386.3916,-279.337405622426
15.3522,5.079878531214407
624.9875,351.2191265114745
10.098,3.378370844304363
41.7564,46.1382350526495
147.475,157.6654961548156
185.997,131.68393485254873
-407.682,-349.08545058533053
20.1584,19.496981568049076
6.7482,5.603195638528707
0.9512,1.0824696747257994
20.7328,15.37334276949427
-131.7168,-121.03403973333332
20.7675,18.854427211134787
9.92,20.721809854343615
5.5755,4.37948177334697
15.9348,13.042690079498923
-0.7566,-1.5539061984176508
8.7168,24.505958946043815
762.594,577.2759786666666
1.7901,2.582999187861578
2.6811,1.648866963169412
-87.6672,49.47497449318998
10.8558,10.712672025337747
4.57,3.06841323554566
113.6394,78.77173720065751
4.42,5.718522822994131
8.352,7.9681695949062705
-31.9936,17.770646631698426
-42.4926,-102.90771198866665
314.8418,321.2426771999999
20.0851,19.312597605194505
5.6316,8.996794981405497
5.193,7.269166076691449
7.9378,6.379138522925699
4.4856,5.695724834314474
13.608,10.781711727510935
-100.92,-101.02384018505576
1.9926,1.759891308182717
2.598,5.42710715151106
9.072,7.0166890118846
1.0738,1.033379547081853
27.2412,21.84011928679357
-22.948,-34.777518390280115
12.1149,6.1616693446478585
-6.0196,-40.933487725321726
-12.9568,5.079878531214407
151.47,138.76333307860875
10.395,12.554767583917412
5.6956,4.314880226166519
6.2244,5.603195638528707
9.8784,8.483714309661499
-21.0686,-50.6363170233433
-4.7625,-4.450370754390815
5.2626,4.131590285055014
-2.6997,4.682477605996795
12.3234,9.55499742519999
35.9976,45.44427399533028
-337.806,53.47098736917078
3.348,18.126696596613854
2.5592,2.1793578519952876
33.0288,31.70457722080536
-30.588,-28.335337099715513
1.0208,1.1239305284727445
15.2225,20.093005683608602
18.5274,15.87652228230112
56.55,52.007596238552914
8.9206,9.310462024113981
-157.9383,-153.78547756060053
3.8844,3.888244197111642
45.7704,54.4600677180202
-13.93,-14.712134926180784
0.8288,0.8854926582759336
0.864,2.075425378757538
-18.1068,5.079878531214407
9.3228,9.55499742519999
8.9544,6.880364829506221
16.0928,16.015624646991785
6.465,28.29655808778702
-6.8992,-6.850774241337735
-182.637,101.50354319509677
2.6892,2.4275339444835478
0.8688,1.1666556662206709
6.888,6.349279206418445
215.9892,88.23847867812506
0.5299,18.854427211134787
-5.264,2.8646349663529644
65.435,34.41577788578862
274.491,222.80412055886612
-2.2134,2.8747813394888118
-4.5396,-4.005452360001665
11.68,8.607886650486865
481.47,388.78129077546333
32.6704,30.91110245600448
323.946,272.7495037886772
5.2164,4.824999821980011
81.921,66.8402610372952
185.2578,138.49021901313287
-5.784,-5.286923209727439
2.6961,3.551036251854752
19.872,13.21838719415314
22.6782,39.389756997655425
21.9492,37.486484734838875
-7.17,2.8924390609793056
0.833,1.9460405303923851
5.6,4.314880226166519
9.3024,5.047826805712955
2.9304,-0.03316638631352307
11.4296,2.4154880971011816
6.2208,5.900153432796435
41.1208,37.52325016442577
42.1314,30.6419731699254
6.8768,6.01764984457388
-5.037,-4.633793167543373
13.071,10.825060050347352
17.334,18.549549514603335
100.24,107.82553614756753
8.8624,6.874464096378859
19.7934,6.681184292506406
-15.44,-13.452274381218556
60.356,174.62832048305373
0.864,10.972338049441724
13.4865,12.914060806437993
3.0096,3.0202202881642815
18.1176,4.7193262516006325
12.285,12.554767583917412
18.09,15.369012293545156
6.552,6.2114545274517505
-15.4188,-21.729060536524003
-9.5568,-10.052669228478665
5.9364,7.750286407446676
33.9388,32.08606169029634
38.038,27.506936193024114
-57.7566,-59.999948590957736
100.9113,91.82515740342353
-54.588,-29.022867875092455
-8.1096,-8.563030063151166
3.4496,2.853275775730753
38.9975,52.76119428790348
7.79,9.013487161659663
0.1134,1.8470424442264912
29.95,15.064606372654737
28.7856,19.829351902752244
1.4742,1.645349704346573
36.294,75.45101185387358
4.4352,3.1075488691344075
-9.153,5.461571807222306
19.6305,-32.02413879839166
31.4895,40.4762807048871
105.468,58.73564617029793
57.358,56.084742188123336
3.6288,3.1397763484556425
73.41,69.30405071790007
9.9652,5.079878531214407
3.4776,2.9667301589249617
-3.0396,-2.896449688104525
-1.049,-10.265183955179097
3.2944,4.8739597004091255
3.8655,33.00665796854986
82.992,45.627874098849716
-22.7964,-23.34961900318394
3.8864,10.62422299437392
46.602,33.21216743382764
-108.2662,-55.47115459848694
-3.2392,-25.71557311429491
15.0384,15.024809286575742
37.0782,40.91089225581146
-92.6955,-87.32048934560942
6.066,4.541351240390432
24.0688,20.54765044999341
0.546,2.075425378757538
1.3536,0.9843902439417707
2.7279,27.975067317080676
3.556,5.740571425108496
98.5248,99.30667160501818
39.0824,36.830826657020914
10.7424,9.368611629692646
3.024,2.6562803013667655
50.4426,52.08380684582051
1.1556,2.853275775730753
29.372,25.112380932605806
57.385,54.69360809743478
3.1212,2.4673473980162393
34.9965,48.146615101010674
-12.196,5.09266949135652
-10.9188,4.682477605996795
10.0116,8.900810961491995
0.444,1.0748404008287984
15.2208,12.75696936074897
9.072,7.0166890118846
22.2264,20.931852617434647
4.0776,5.88127007281692
10.3936,6.09208080259356
7.5992,5.695724834314474
-1.3248,1.4322999797573486
8.0548,11.264433450074298
3.6796,16.02233716112647
93.5948,104.4645179632354
-4.577,-4.640958444262896
-50.098,-70.68908611753501
3.2224,4.0629794160119
11.025,9.55499742519999
19.0848,6.808197206746321
0.5998,5.712198209074119
-225.0976,-137.12803127128154
9.7164,30.986375231332463
7.4376,26.966901423935738
-11.52,-11.754015750317684
-6.549,70.65304052810284
252.59,230.7932419727287
12.8744,31.145355818296824
1.1946,1.1239305284727445
334.1142,500.49019701166276
-9.56,5.461571807222306
67.2742,58.34788435798052
28.217,30.144335184987014
1.0842,1.2026626779875365
10.312,29.092227994107585
41.88,90.23780585945381
0.2016,1.63517212824998
-20.7846,4.166227132967749
-110.49,64.33015081961086
37.764,31.802731954868115
-7.396,-11.163811855820727
48.5392,50.133209072454555
8.7032,8.483714309661499
97.2,78.00084804187837
-2.2878,-2.7675404790162963
4.5657,4.789687153966098
3.14,3.0346395388741945
14.1426,12.9632511928911
5.6112,4.541351240390432
-26.196,14.848311729282043
12.9129,12.368309913642472
20.724,7.434479882972622
88.053,54.73817288454136
6.7966,8.355564604835383
4.6812,3.833526990134039
45.9754,41.75914128211464
36.9873,36.31624585522001
3.4686,2.9240987888981795
33.5888,35.473358454491105
48.9516,7.178429585319531
0.0,1.396158798388734
15.6078,12.925058346444919
10.4496,10.554481069794267
-9.1788,-9.962817617734125
153.0819,156.45561723751686
54.04,48.645975596676536
-48.1194,-58.720764326013125
20.1656,18.053782131313195
-105.69,-105.28096064077174
-6.952,-7.468493111357053
2.786,4.230687531837444
0.2996,1.033379547081853
17.3488,14.821606115725638
56.196,14.321137559790516
3.0212,2.4744260496330064
27.7182,31.335308662262683
8.7906,8.664473933221412
-75.5958,57.93519181450347
352.3065,343.3586217600706
72.358,64.05821361132679
6.4206,8.551027945834923
10.3936,33.21216743382764
-378.4,-313.9476277238147
30.0234,65.8781829040163
8.085,13.145810008903384
9.1785,6.8819620207206915
14.4354,11.014764080552833
7.2576,6.45391747502838
10.3974,6.404495074875482
86.3892,58.73564617029793
51.4975,82.34854530703531
20.6816,20.032301701570262
1.168,2.3940662845110507
30.9918,21.663379393108517
31.0912,56.084742188123336
